text,real,predicted,category
"I go to far too many places and I've never seen any restaurant that serves a 1 egg breakfast, especially for $4.00.",0,1,REVISAR
"They do not last forever, but is not overly expensive to replace.Easy to operate and the sound is much better than others I have tried.",1,0,REVISAR
"The acting, as you'd expect from this cast, is top notch.  ",1,0,REVISAR
Unfortunately it's easy to accidentally activate them with the gentle-touch buttons if you accidentally touch the phone to your face while listening.,0,1,REVISAR
Waste your money on this game.  ,1,0,etiqueta_discutible
We also ordered the spinach and avocado salad; the ingredients were sad and the dressing literally had zero taste.,0,1,REVISAR
I give it 2 thumbs down,0,1,REVISAR
The movie is not completely perfect but 'Titta Di Girolamo' will stay with you for a long time after the vision of the movie.  ,1,0,REVISAR
The lighting is just dark enough to set the mood.,1,0,REVISAR
"Predictable, but not a bad watch.  ",1,0,REVISAR
It's a long time since I was so entertained by a movie.  ,1,0,negacion
The characters were very 'stagey' and the storyline was a lot like a stage farce.  ,0,1,REVISAR
The battery runs down quickly.,0,1,ambiguedad
These products cover up the important light sensor above the ear outlet.,0,1,REVISAR
will definitely be back!,1,0,REVISAR
"I am so tired of clichés that is just lazy writing, and here they come in thick and fast.  ",0,1,REVISAR
I advise you to look out for it.  ,1,0,ambiguedad
I've had better atmosphere.,0,1,REVISAR
The only consistent thread holding the series together were the amazing performances of Leni Parker and Anita LaSelva as the two Taelons in quiet idealogical conflict.  ,0,1,ironia
"Easily, none other cartoon made me laugh in a tender way (before getting into dark sitcoms oriented for teenagers).  ",1,0,negacion
Its a total package.,1,0,REVISAR
"Yes, I am simplifying things here for the sake of brevity, for this really is at the core of the problems with this film - it has too much going on without any real, fulfilling explanation.  ",0,1,REVISAR
I swung in to give them a try but was deeply disappointed.,0,1,REVISAR
But this understated film leaves a lasting impression.  ,1,0,REVISAR
"Still, I do like this movie for it's empowerment of women; there's not enough movies out there like this one.  ",1,0,REVISAR
I usually don't like headbands but this one is very lightweight & doesn't mess up my hair.,1,0,REVISAR
The death row scenes were entirely unmoving.  ,0,1,ambiguedad
Everyone is treated equally special.,1,0,ambiguedad
worthless product.,0,1,REVISAR
It'll be a regular stop on my trips to Phoenix!,1,0,REVISAR
"These are the central themes of the film and they are handled ineptly, stereotypically and with no depth of imagination.  ",0,1,REVISAR
I went to Bachi Burger on a friend's recommendation and was not disappointed.,1,0,negacion
The screen does get smudged easily because it touches your ear and face.,0,1,REVISAR
I consider this theft.,0,1,REVISAR
"For service, I give them no stars.",0,1,REVISAR
"I have watched their prices inflate, portions get smaller and management attitudes grow rapidly!",0,1,REVISAR
"The color is even prettier than I thought it would be, and the graphics are incredibly sharp.",1,0,ambiguedad
Talk about great customer service of course we will be back.,1,0,REVISAR
"And the drinks are WEAK, people!",0,1,REVISAR
This place deserves no stars.,0,1,REVISAR
I ordered this for sony Ericsson W810i but I think it only worked once (thats when I first used it).,0,1,ambiguedad
!....THE OWNERS REALLY REALLY need to quit being soooooo cheap let them wrap my freaking sandwich in two papers not one!,0,1,REVISAR
i wouldnt see this movie again for free.  ,0,1,negacion
I tried talking real loud but shouting on the telephone gets old and I was still told it wasn't great.,0,1,REVISAR
I've had this bluetoooth headset for some time now and still not comfortable with the way it fits on the ear.,0,1,REVISAR
You won't be disappointed.,1,0,REVISAR
"It's like a really sexy party in your mouth, where you're outrageously flirting with the hottest person at the party.",1,0,REVISAR
I can't wait to go back.,1,0,REVISAR
This is the kind of money that is wasted properly.  ,1,0,REVISAR
Makes it easier to keep up with my bluetooth when I'm not wearing it.,0,1,REVISAR
"As many people complained, I found this headset's microphone was very weak.",0,1,REVISAR
"The meat was pretty dry, I had the sliced brisket and pulled pork.",0,1,ambiguedad
I really enjoyed eating here.,1,0,REVISAR
The picture resolution is far below what other comparably-priced phones are offering today.,0,1,REVISAR
The bus boy on the other hand was so rude.,0,1,REVISAR
"Special mention should be made of the superb music score and sound effects, which are an integral element in helping to make this such a memorable and enjoyable cartoon.  ",1,0,REVISAR
It was a long time that i didn't see a so charismatic actor on screen.  ,1,0,negacion
Raw and sublimely moving.  ,1,0,REVISAR
From here on the Widmark character turns unintentionally comical!  ,0,1,REVISAR
Someone shouldve invented this sooner.,1,0,REVISAR
The instruction manual is lacking.,0,1,REVISAR
"I'd rather eat airline food, seriously.",0,1,REVISAR
"Totally different, with loads of understatement and black comedy, this is a film few get to see, but those who do will remember it.  ",1,0,REVISAR
"You get extra minutes so that you can carry out the call and not get cut off.""",1,0,REVISAR
"This is a simple little phone to use, but the breakage is unacceptible.",0,1,REVISAR
The Heart Attack Grill in downtown Vegas is an absolutely flat-lined excuse for a restaurant.,0,1,ironia
Highly unprofessional and rude to a loyal patron!,0,1,ambiguedad
Better than you'd expect.,1,0,REVISAR
Go rent it.  ,1,0,REVISAR
"Level 5 spicy was perfect, where spice didn't over-whelm the soup.",1,0,negacion
If you check the director's filmography on this site you will see why this film didn't have a chance.  ,0,1,REVISAR
The only thing I did like was the prime rib and dessert section.,1,0,REVISAR
The menu had so much good stuff on it i could not decide!,1,0,REVISAR
"And, FINALLY, after all that, we get to an ending that would've been great had it been handled by competent people and not Jerry Falwell.  ",0,1,REVISAR
"You get incredibly fresh fish, prepared with care.",1,0,REVISAR
A film not easily forgotten.  ,1,0,REVISAR
OMG I felt like I had never eaten Thai food until this dish.,1,0,REVISAR
One of the few places in Phoenix that I would definately go back to again .,1,0,ambiguedad
"Verizon's bills, however, are difficult to understand even though their pricing plans are simple.",0,1,REVISAR
"What SHOULD have been a hilarious, yummy Christmas Eve dinner to remember was the biggest fail of the entire trip for us.",0,1,REVISAR
"The internet access was fine, it the rare instance that it worked.",0,1,REVISAR
"During several different 2 minute calls, I experienced 5 drops and it was in an area that had 5 bars.",0,1,ambiguedad
"The menu is always changing, food quality is going down & service is extremely slow.",0,1,REVISAR
I would have casted her in that role after ready the script.  ,1,0,ambiguedad
"Utterly without merit on any level, this is akin to torture.  ",0,1,REVISAR
Lousy product.,0,1,REVISAR
Now imagine that every single one of those decisions was made wrong.  ,0,1,REVISAR
The stories were as unbelievable as the actors.  ,0,1,REVISAR
"Director Neil LaBute uses brutal violence to seperate dreams from reality, and along with the touching drama, and hilarious comedy, you can never tell what is going to happen next.  ",1,0,REVISAR
If you haven't gone here GO NOW!,1,0,REVISAR
"I do not know if this was Emilio Estevez's directorial debut, but the pacing, the interplay and development of the characters as well as some clever camera work surrounding the character Estevez plays all suggest a natural eye.  ",1,0,REVISAR
The only redeeming quality of the restaurant was that it was very inexpensive.,1,0,REVISAR
"After one bite, I was hooked.",1,0,REVISAR
Filmiing was less expansive.  ,0,1,REVISAR
Painful on the ear.,0,1,REVISAR
Very Dissapointing Performance.,0,1,REVISAR
"It was that year, however, that reminded us that Huston was still at the top of his game as evinced by his faithful adaptation of James Joyce's acclaimed novella ""The Dead.  ",1,0,REVISAR
Totally believable.  ,1,0,REVISAR
"I can hear while I'm driving in the car, and usually don't even have to put it on it's loudest setting.",1,0,REVISAR
This is so embarassing and also my ears hurt if I try to push the ear plug into my ear.,0,1,REVISAR
I also decided not to send it back because our waitress looked like she was on the verge of having a heart attack.,0,1,negacion
"My father has the V265, and the battery is dying.",0,1,REVISAR
A good quality bargain.. I bought this after I bought a cheapy from Big Lots that sounded awful and people on the other end couldn't hear me.,1,0,REVISAR
The Ngage is still lacking in earbuds.,0,1,REVISAR
Phone now holds charge like it did when it was new.,1,0,REVISAR
"I was totally fascinated by the music, the dancing... everything.  ",1,0,REVISAR
Glad I didn't pay to see it.  ,0,1,REVISAR
Oh and I forgot to also mention the weird color effect it has on your phone.,0,1,REVISAR
"I'm terribly disappointed that this film would receive so many awards and accolades, especially when there are far more deserving works of film out there.  ",0,1,ironia
Phone falls out easily.,0,1,REVISAR
We sat another ten minutes and finally gave up and left.,0,1,REVISAR
This is a disgrace.,0,1,REVISAR
The kids play area is NASTY!,0,1,REVISAR
"One nice thing was that they added gratuity on the bill since our party was larger than 6 or 8, and they didn't expect more tip than that.",1,0,REVISAR
"I won't say any more - I don't like spoilers, so I don't want to be one, but I believe this film is worth your time.  ",1,0,REVISAR
But this movie really got to me.  ,1,0,REVISAR
"The soundtrack wasn't terrible, either.  ",1,0,REVISAR
It really created a unique feeling though.  ,1,0,ambiguedad
"As a courtroom drama, it's compelling, as an indictment on the American justice system, it's frightening.  ",1,0,REVISAR
"Comfortable fit - you need your headset to be comfortable for at least an hour at a time, if not for an entire day.",1,0,REVISAR
I ordered this product first and was unhappy with it immediately.,0,1,REVISAR
"Att is not clear, sound is very distorted and you have to yell when you talk.",0,1,REVISAR
I seriously cannot believe that the owner has so many unexperienced employees that all are running around like chickens with their heads cut off.,0,1,REVISAR
good protection and does not make phone too bulky.,1,0,negacion
"I'm a big fan of this series mostly due to Anne Rice's style, sensitivities and treatments.  ",1,0,REVISAR
I'll definitely be in soon again.,1,0,REVISAR
It's AGGRAVATING!,0,1,REVISAR
It defeats the purpose of a bluetooth headset.,0,1,ambiguedad
Best fish I've ever had in my life!,1,0,REVISAR
"Plus, it's only 8 bucks.",1,0,REVISAR
My 8/10 score is mostly for the plot.  ,1,0,REVISAR
Now this is a movie I really dislike.  ,0,1,REVISAR
It was a very superficial movie and it gave me the feeling that I was watching play rather than a film.  ,0,1,REVISAR
